GlobalRank,TldRank,Domain,TLD,RefSubNets,RefIPs,IDN_Domain,IDN_TLD,PrevGlobalRank,PrevTldRank,PrevRefSubNets,PrevRefIPs
1,1,facebook.com,com,477270,2771812,facebook.com,com,1,1,477861,2776509
2,2,google.com,com,476976,2598263,google.com,com,2,2,477844,2606872
3,3,youtube.com,com,431941,2242104,youtube.com,com,3,3,432847,2246021
4,4,twitter.com,com,427257,2254663,twitter.com,com,4,4,427738,2258851
5,5,instagram.com,com,327567,1530537,instagram.com,com,5,5,327854,1531349
6,6,linkedin.com,com,324100,1387537,linkedin.com,com,6,6,324480,1389096
7,7,microsoft.com,com,312913,1155346,microsoft.com,com,7,7,314340,1175556
8,8,apple.com,com,285341,976248,apple.com,com,8,8,286272,980518
9,1,wikipedia.org,org,282268,1068613,wikipedia.org,org,9,1,282812,1072571
10,9,plus.google.com,com,258009,1098515,plus.google.com,com,10,9,258384,1101742
11,2,en.wikipedia.org,org,236751,798412,en.wikipedia.org,org,11,2,237229,801087
12,10,adobe.com,com,224048,684290,adobe.com,com,12,10,225224,688347
13,1,youtu.be,be,223905,747389,youtu.be,be,13,1,224364,748811
14,11,googletagmanager.com,com,222766,732535,googletagmanager.com,com,14,11,222858,733774
15,12,vimeo.com,com,220127,829422,vimeo.com,com,15,12,220692,831417
16,13,itunes.apple.com,com,219396,636590,itunes.apple.com,com,16,13,220355,640549
17,14,pinterest.com,com,218158,892900,pinterest.com,com,17,14,218335,894693
18,15,play.google.com,com,212148,613387,play.google.com,com,18,15,212635,615288
19,16,maps.google.com,com,207616,711325,maps.google.com,com,20,16,207965,713750
20,1,goo.gl,gl,207613,680820,goo.gl,gl,19,1,208079,683603
21,17,wordpress.com,com,201586,679886,wordpress.com,com,21,17,202034,682075
22,18,blogspot.com,com,190811,628649,blogspot.com,com,22,18,191150,630497
23,1,bit.ly,ly,186692,567216,bit.ly,ly,23,1,186963,568535
24,19,github.com,com,184423,506682,github.com,com,25,20,184423,507595
25,20,player.vimeo.com,com,184329,655283,player.vimeo.com,com,24,19,184853,657421
26,21,amazon.com,com,179953,557329,amazon.com,com,26,21,180416,559536
27,3,wordpress.org,org,177107,694299,wordpress.org,org,27,3,177268,694301
28,22,docs.google.com,com,174694,517399,docs.google.com,com,28,22,175124,519156
29,23,yahoo.com,com,173830,482575,yahoo.com,com,29,23,174336,484920
30,24,tumblr.com,com,158559,528189,tumblr.com,com,31,24,158831,529763
31,25,godaddy.com,com,157372,459457,godaddy.com,com,32,25,156382,456833
32,4,mozilla.org,org,157318,446964,mozilla.org,org,30,4,161480,459613
33,26,flickr.com,com,147686,432841,flickr.com,com,33,26,148095,434323
34,27,parked-content.godaddy.com,com,141945,395295,parked-content.godaddy.com,com,34,27,140800,392193
35,28,drive.google.com,com,139983,372449,drive.google.com,com,35,28,140317,373309
36,5,apache.org,org,135666,293361,apache.org,org,36,5,135962,294516
37,29,gravatar.com,com,134065,439576,gravatar.com,com,37,29,134304,441193
38,1,europa.eu,eu,132209,420960,europa.eu,eu,38,1,132478,421963
39,30,qq.com,com,131552,1367260,qq.com,com,39,30,132023,1393772
40,6,w3.org,org,131027,295922,w3.org,org,40,6,131309,296813
41,31,macromedia.com,com,130387,354618,macromedia.com,com,41,31,131251,357261
42,32,nytimes.com,com,129027,349885,nytimes.com,com,42,32,129333,350740
43,33,reddit.com,com,128148,394838,reddit.com,com,43,33,128331,395936
44,34,get.adobe.com,com,123673,285971,get.adobe.com,com,44,34,124020,286858
45,1,sourceforge.net,net,123194,271412,sourceforge.net,net,45,1,123717,272706
46,35,soundcloud.com,com,121693,361449,soundcloud.com,com,46,35,121957,362596
47,36,sites.google.com,com,121511,294008,sites.google.com,com,47,36,121919,295003
48,1,nih.gov,gov,119029,301015,nih.gov,gov,48,1,119363,301936
49,37,amazonaws.com,com,118829,269245,amazonaws.com,com,49,37,119119,270663
50,1,t.co,co,115300,321429,t.co,co,50,1,115624,322533
51,38,forbes.com,com,111785,279078,forbes.com,com,51,38,112061,279926
52,39,theguardian.com,com,111523,288998,theguardian.com,com,52,39,111782,289799
53,40,cnn.com,com,109851,273480,cnn.com,com,53,40,109939,274082
54,1,bbc.co.uk,uk,108005,272882,bbc.co.uk,uk,54,1,108252,273775
55,1,github.io,io,107692,240370,github.io,io,55,1,107726,240421
56,41,dropbox.com,com,107032,258876,dropbox.com,com,56,41,107215,259807
57,42,medium.com,com,105177,253603,medium.com,com,57,42,105743,255061
58,7,creativecommons.org,org,104814,245599,creativecommons.org,org,58,7,105255,246438
59,2,php.net,net,104038,228170,php.net,net,59,2,104524,229245
60,2,www.ncbi.nlm.nih.gov,gov,103909,253251,www.ncbi.nlm.nih.gov,gov,60,2,104108,253691
61,8,httpd.apache.org,org,103428,216656,httpd.apache.org,org,61,8,103754,217518
62,9,archive.org,org,102989,257032,archive.org,org,63,9,103273,257578
63,43,weebly.com,com,102884,253821,weebly.com,com,62,43,103469,254977
64,44,whatsapp.com,com,102655,327564,whatsapp.com,com,65,44,102368,326917
65,2,ec.europa.eu,eu,102110,299383,ec.europa.eu,eu,64,2,102450,300565
66,45,weibo.com,com,100644,548885,weibo.com,com,66,45,101292,558000
67,46,support.apple.com,com,100459,268191,support.apple.com,com,67,46,100493,268958
68,47,wixsite.com,com,100081,242380,wixsite.com,com,68,47,100245,243256
69,48,vk.com,com,98655,331796,vk.com,com,70,49,98699,332073
70,49,issuu.com,com,98277,237261,issuu.com,com,69,48,98718,238397
71,50,oracle.com,com,96845,180444,oracle.com,com,76,54,94531,171929
72,51,paypal.com,com,96204,257073,paypal.com,com,71,50,96437,257922
73,52,m.facebook.com,com,95687,268217,m.facebook.com,com,73,52,96039,269362
74,53,msn.com,com,95333,215283,msn.com,com,74,53,95756,216673
75,54,apps.apple.com,com,94827,192313,apps.apple.com,com,77,55,94387,191096
76,10,gnu.org,org,94182,198928,gnu.org,org,75,10,94992,201893
77,55,tinyurl.com,com,93585,215595,tinyurl.com,com,78,56,93877,216416
78,56,domainmarket.com,com,92793,238443,domainmarket.com,com,79,57,93172,239265
79,57,reuters.com,com,92527,211172,reuters.com,com,80,58,92650,211710
80,1,who.int,int,92110,195774,who.int,int,83,1,91466,193760
81,58,wsj.com,com,91863,214588,wsj.com,com,82,60,92144,215160
82,59,virginmedia.com,com,90902,187128,virginmedia.com,com,81,59,92559,192685
83,60,l.facebook.com,com,90785,236561,l.facebook.com,com,84,61,91129,237112
84,61,imdb.com,com,90631,228108,imdb.com,com,85,62,90903,229183
85,62,washingtonpost.com,com,90617,219646,washingtonpost.com,com,86,63,90765,220238
86,63,cloudflare.com,com,90452,267198,cloudflare.com,com,88,65,90290,266687
87,64,bing.com,com,90091,201319,bing.com,com,87,64,90578,202370
88,65,wpa.qq.com,com,88779,755479,wpa.qq.com,com,89,66,89322,772720
89,3,slideshare.net,net,88717,191211,slideshare.net,net,92,3,88879,192041
90,66,tools.google.com,com,88569,282889,tools.google.com,com,93,69,88812,284554
91,67,opera.com,com,88496,214355,opera.com,com,91,68,88955,215678
92,68,bbc.com,com,88432,205616,bbc.com,com,90,67,89159,206896
93,1,mit.edu,edu,87429,179515,mit.edu,edu,94,1,87762,180185
94,69,accounts.google.com,com,87428,201718,accounts.google.com,com,72,51,96339,226815
95,70,bloomberg.com,com,87318,195039,bloomberg.com,com,95,70,87584,195719
96,11,wikimedia.org,org,87077,203963,wikimedia.org,org,96,11,87239,204743
97,2,harvard.edu,edu,86896,190766,harvard.edu,edu,97,2,87202,191548
98,71,ibm.com,com,86436,161133,ibm.com,com,98,71,86847,161924
99,72,wix.com,com,86138,195133,wix.com,com,99,72,86364,195742
100,73,youtube-nocookie.com,com,85506,213489,youtube-nocookie.com,com,100,73,85651,214080
101,74,live.com,com,85050,176098,live.com,com,102,75,85155,176320
102,75,fpdownload.macromedia.com,com,85003,188239,fpdownload.macromedia.com,com,101,74,85561,189508
103,76,api.whatsapp.com,com,84990,265493,api.whatsapp.com,com,104,76,84772,264913
104,3,stanford.edu,edu,84536,171601,stanford.edu,edu,103,3,84882,172480
105,3,cdc.gov,gov,83908,197003,cdc.gov,gov,107,3,83485,195625
106,4,cpanel.net,net,83846,328506,cpanel.net,net,105,4,84097,330067
107,12,web.archive.org,org,83382,193232,web.archive.org,org,106,12,83681,193676
108,13,validator.w3.org,org,83147,177150,validator.w3.org,org,108,13,83368,177462
109,2,telegraph.co.uk,uk,82777,195293,telegraph.co.uk,uk,110,2,83016,196187
110,1,sina.com.cn,cn,82634,403416,sina.com.cn,cn,109,1,83338,408915
111,77,go.com,com,82259,192812,go.com,com,111,77,82552,193805
112,78,huffingtonpost.com,com,82037,203217,huffingtonpost.com,com,112,78,82306,204015
113,79,hugedomains.com,com,81962,181747,hugedomains.com,com,116,82,81550,181857
114,80,spotify.com,com,81817,208973,spotify.com,com,114,80,81828,209073
115,81,w.soundcloud.com,com,81640,218197,w.soundcloud.com,com,113,79,81855,219077
116,82,bitly.com,com,81380,171642,bitly.com,com,115,81,81765,172964
117,83,developers.google.com,com,81102,216845,developers.google.com,com,117,83,81366,217879
118,84,businessinsider.com,com,81048,184784,businessinsider.com,com,118,84,81201,185536
119,85,mysql.com,com,80377,158319,mysql.com,com,120,86,80683,159341
120,86,sciencedirect.com,com,80251,168971,sciencedirect.com,com,121,87,80496,169524
121,87,cpanel.com,com,80182,309148,cpanel.com,com,119,85,80802,313609
122,88,policies.google.com,com,79895,232830,policies.google.com,com,123,89,79989,233747
123,89,myspace.com,com,79760,192118,myspace.com,com,122,88,80099,192800
124,90,wp.com,com,79008,242195,wp.com,com,124,90,79155,242756
125,91,eventbrite.com,com,78779,186692,eventbrite.com,com,126,91,78816,186792
126,3,dailymail.co.uk,uk,78666,187202,dailymail.co.uk,uk,125,3,78917,187699
127,14,nginx.org,org,78318,162133,nginx.org,org,127,14,78443,162018
128,92,cnet.com,com,77605,162636,cnet.com,com,128,92,77869,163357
129,93,aol.com,com,77319,157729,aol.com,com,137,99,75912,154619
130,15,debian.org,org,77308,150202,debian.org,org,130,15,77584,151051
131,94,wiley.com,com,77295,160269,wiley.com,com,129,93,77646,161006
132,95,time.com,com,77120,174937,time.com,com,131,94,77398,175749
133,4,nasa.gov,gov,76978,157757,nasa.gov,gov,132,4,77182,158327
134,96,usatoday.com,com,76755,176903,usatoday.com,com,133,95,77046,177636
135,97,bp.blogspot.com,com,76281,194489,bp.blogspot.com,com,134,96,76395,195131
136,98,nature.com,com,75596,155157,nature.com,com,136,98,75941,155901
137,99,youku.com,com,75310,327274,youku.com,com,135,97,75958,332112
138,100,list-manage.com,com,75191,175596,list-manage.com,com,139,101,75308,175731
139,101,ebay.com,com,75109,172498,ebay.com,com,138,100,75369,173267
140,102,xinhuanet.com,com,74748,307358,xinhuanet.com,com,140,102,75146,310313
141,103,hp.com,com,74592,135501,hp.com,com,141,103,74916,136103
142,16,un.org,org,74039,146653,un.org,org,142,16,74432,147211
143,104,surveymonkey.com,com,73951,145639,surveymonkey.com,com,143,104,74232,146361
144,105,mp.weixin.qq.com,com,73415,325278,mp.weixin.qq.com,com,144,105,74000,329816
145,106,wired.com,com,73094,157466,wired.com,com,145,106,73502,158756
146,107,163.com,com,72773,310769,163.com,com,146,107,73212,314548
147,108,chrome.google.com,com,72370,147661,chrome.google.com,com,147,108,72562,148366
148,109,nginx.com,com,72358,147276,nginx.com,com,148,109,72560,147351
149,110,ted.com,com,72047,157284,ted.com,com,149,110,72236,157806
150,111,blogger.com,com,70616,171028,blogger.com,com,150,111,71111,172381
151,112,taobao.com,com,69992,268432,taobao.com,com,151,112,70703,273214
152,113,imgur.com,com,69113,158006,imgur.com,com,153,113,69403,159030
153,4,www.gov.uk,uk,69104,153339,www.gov.uk,uk,152,4,70207,155740
154,5,independent.co.uk,uk,69032,154875,independent.co.uk,uk,154,5,69160,155369
155,17,npr.org,org,68760,160858,npr.org,org,155,17,68917,161225
156,114,open.spotify.com,com,68242,168354,open.spotify.com,com,159,114,68254,168417
157,18,ietf.org,org,68201,125840,ietf.org,org,157,18,68497,126636
158,1,gc.ca,ca,67983,138790,gc.ca,ca,158,1,68342,139625
159,2,beian.gov.cn,cn,67886,385143,beian.gov.cn,cn,156,2,68657,395373
160,19,doi.org,org,67816,130925,doi.org,org,160,19,68136,131321
161,115,techcrunch.com,com,67579,140507,techcrunch.com,com,163,116,67791,141052
162,4,berkeley.edu,edu,67556,131989,berkeley.edu,edu,162,4,67809,132497
163,116,springer.com,com,67498,132709,springer.com,com,161,115,67863,133356
164,1,free.fr,fr,67301,145686,free.fr,fr,164,1,67684,146614
165,117,googleusercontent.com,com,67296,151638,googleusercontent.com,com,165,117,67503,152119
166,118,cnbc.com,com,67222,144701,cnbc.com,com,166,118,67307,145039
167,1,forms.gle,gle,67163,133487,forms.gle,gle,168,1,67169,133468
168,119,dailymotion.com,com,67032,162328,dailymotion.com,com,167,119,67283,162978
169,120,sohu.com,com,66207,284763,sohu.com,com,169,120,66963,288969
170,121,about.com,com,65943,140862,about.com,com,170,121,66188,141477
171,122,i0.wp.com,com,65786,198508,i0.wp.com,com,171,122,65893,199023
172,5,washington.edu,edu,65582,118888,washington.edu,edu,172,5,65857,119352
173,123,latimes.com,com,65528,148370,latimes.com,com,173,123,65812,148954
174,124,yelp.com,com,65281,174788,yelp.com,com,175,124,65379,175631
175,3,miit.gov.cn,cn,65149,297059,miit.gov.cn,cn,174,3,65581,301420
176,125,i1.wp.com,com,65082,195522,i1.wp.com,com,178,126,65177,196061
177,20,commons.wikimedia.org,org,65002,140623,commons.wikimedia.org,org,176,20,65321,141323
178,126,digg.com,com,64852,152361,digg.com,com,179,127,65059,152953
179,127,office.com,com,64769,114877,office.com,com,182,129,64825,115007
180,5,loc.gov,gov,64673,120911,loc.gov,gov,181,5,64896,121383
181,128,v.qq.com,com,64658,308503,v.qq.com,com,177,125,65231,314233
182,5,launchpad.net,net,64534,117393,launchpad.net,net,183,5,64816,118118
183,129,statcounter.com,com,64328,157769,statcounter.com,com,180,128,64990,160089
184,130,i2.wp.com,com,64281,192656,i2.wp.com,com,185,130,64390,193157
185,6,cloudfront.net,net,64253,126391,cloudfront.net,net,184,6,64449,127241
186,7,themeforest.net,net,64227,166742,themeforest.net,net,188,7,63991,166307
187,131,s3.amazonaws.com,com,63876,126907,s3.amazonaws.com,com,186,131,64157,127604
188,132,etsy.com,com,63768,160233,etsy.com,com,187,132,63999,161019
189,133,mail.google.com,com,63618,129876,mail.google.com,com,190,133,63676,130026
190,6,cornell.edu,edu,63509,126772,cornell.edu,edu,189,6,63859,127286
191,6,amazon.co.uk,uk,63278,150107,amazon.co.uk,uk,191,6,63663,150847
192,1,amzn.to,to,63265,178440,amzn.to,to,194,1,62956,178182
193,134,nationalgeographic.com,com,63200,130942,nationalgeographic.com,com,192,134,63380,131277
194,8,researchgate.net,net,62970,125351,researchgate.net,net,193,8,63096,125670
195,9,behance.net,net,62508,144276,behance.net,net,195,9,62637,144781
196,135,addtoany.com,com,62462,156158,addtoany.com,com,197,136,62512,156384
197,136,edition.cnn.com,com,62330,131259,edition.cnn.com,com,198,137,62479,131570
198,137,jimdo.com,com,62309,148911,jimdo.com,com,196,135,62584,149687
199,138,ft.com,com,61786,123753,ft.com,com,199,138,62020,124234
200,139,kickstarter.com,com,61637,134942,kickstarter.com,com,200,139,61852,135655
201,140,scribd.com,com,61418,131248,scribd.com,com,201,140,61556,131630
202,141,1.bp.blogspot.com,com,61202,149068,1.bp.blogspot.com,com,202,141,61234,149389
203,142,stumbleupon.com,com,60974,151445,stumbleupon.com,com,203,142,61169,151953
204,143,addthis.com,com,60815,124027,addthis.com,com,204,143,61041,124598
205,144,livejournal.com,com,60726,137776,livejournal.com,com,205,144,60889,138170
206,7,princeton.edu,edu,60449,109018,princeton.edu,edu,206,7,60750,109453
207,7,google.co.uk,uk,60165,141970,google.co.uk,uk,207,7,60333,142631
208,145,typepad.com,com,59982,132977,typepad.com,com,208,145,60230,133595
209,146,samsung.com,com,59713,112315,samsung.com,com,210,147,59886,113043
210,147,theatlantic.com,com,59380,129197,theatlantic.com,com,212,149,59591,129650
211,148,link.springer.com,com,59376,112262,link.springer.com,com,211,148,59655,112758
212,149,cbsnews.com,com,59163,128887,cbsnews.com,com,213,150,59367,129385
213,150,tripadvisor.com,com,59158,135150,tripadvisor.com,com,214,151,59226,135559
214,151,4.bp.blogspot.com,com,58946,141760,4.bp.blogspot.com,com,216,153,59080,142385
215,152,2.bp.blogspot.com,com,58811,140948,2.bp.blogspot.com,com,217,154,58973,141314
216,153,dropcatch.com,com,58791,136276,dropcatch.com,com,209,146,60121,142427
217,154,3.bp.blogspot.com,com,58779,140549,3.bp.blogspot.com,com,218,155,58849,140995
218,155,plesk.com,com,58651,188229,plesk.com,com,219,156,58700,188872
219,156,marriott.com,com,58521,115629,marriott.com,com,215,152,59083,116973
220,157,akismet.com,com,58310,164731,akismet.com,com,221,158,58355,164924
221,158,mailchimp.com,com,58168,132015,mailchimp.com,com,220,157,58371,132687
222,159,feedburner.com,com,57811,133809,feedburner.com,com,222,159,58079,134226
223,160,theverge.com,com,57709,116602,theverge.com,com,223,160,57777,117080
224,4,beian.miit.gov.cn,cn,57176,232251,beian.miit.gov.cn,cn,224,4,57540,236069
225,161,skype.com,com,57061,120598,skype.com,com,228,163,56927,120072
226,1,google.de,de,57006,191916,google.de,de,225,1,57108,192449
227,162,webs.com,com,56799,116088,webs.com,com,226,161,57018,116666
228,163,economist.com,com,56710,109036,economist.com,com,227,162,56994,109651
229,164,mashable.com,com,56353,116372,mashable.com,com,230,165,56598,116993
230,6,ca.gov,gov,56328,121689,ca.gov,gov,232,6,56538,122239
231,165,sun.com,com,56272,89538,sun.com,com,234,168,56474,89913
232,166,tripod.com,com,56260,112159,tripod.com,com,231,166,56554,112689
233,167,geocities.com,com,56249,108978,geocities.com,com,233,167,56487,109366
234,168,prnewswire.com,com,56240,111542,prnewswire.com,com,236,169,56419,112032
235,21,fr.wikipedia.org,org,56136,125444,fr.wikipedia.org,org,235,21,56461,126156
236,169,alibaba.com,com,55968,127485,alibaba.com,com,229,164,56646,129165
237,170,fb.com,com,55912,117804,fb.com,com,237,170,56192,118303
238,171,deviantart.com,com,55417,118664,deviantart.com,com,238,171,55640,119161
239,8,guardian.co.uk,uk,55331,111608,guardian.co.uk,uk,239,8,55573,112078
240,172,squarespace.com,com,55199,116834,squarespace.com,com,240,172,55526,117407
241,173,foxnews.com,com,55148,119016,foxnews.com,com,242,174,55325,119404
242,174,ifeng.com,com,54863,227217,ifeng.com,com,241,173,55521,230411
243,8,umich.edu,edu,54855,102092,umich.edu,edu,244,8,55022,102578
244,175,stackoverflow.com,com,54749,99423,stackoverflow.com,com,245,176,54867,99807
245,176,buzzfeed.com,com,54742,119522,buzzfeed.com,com,243,175,55040,120038
246,177,webmd.com,com,54702,125372,webmd.com,com,246,177,54864,125846
247,178,goodreads.com,com,54656,121202,goodreads.com,com,247,178,54714,121477
248,9,columbia.edu,edu,54361,101270,columbia.edu,edu,248,9,54570,101759
249,179,feeds.feedburner.com,com,54251,124580,feeds.feedburner.com,com,249,179,54500,124942
250,180,booking.com,com,54244,117781,booking.com,com,250,180,54444,118351
251,22,change.org,org,54174,116140,change.org,org,251,22,54338,116544
252,7,whitehouse.gov,gov,53913,105198,whitehouse.gov,gov,253,7,53943,105388
253,23,sciencemag.org,org,53825,100699,sciencemag.org,org,252,23,54058,101039
254,181,translate.google.com,com,53655,102861,translate.google.com,com,254,181,53942,103227
255,10,yale.edu,edu,53629,100167,yale.edu,edu,255,10,53893,100641
256,24,jigsaw.w3.org,org,53608,106194,jigsaw.w3.org,org,258,25,53747,106245
257,25,pbs.org,org,53576,113921,pbs.org,org,259,26,53742,114205
258,182,eepurl.com,com,53569,123082,eepurl.com,com,260,183,53716,123528
259,26,de.wikipedia.org,org,53551,147120,de.wikipedia.org,org,257,24,53747,147792
260,1,or.kr,kr,53389,103565,or.kr,kr,261,1,53684,104173
261,183,youronlinechoices.com,com,53186,169744,youronlinechoices.com,com,262,184,53393,170584
262,184,intel.com,com,53167,89356,intel.com,com,263,185,53357,89709
263,8,fda.gov,gov,53093,103399,fda.gov,gov,264,8,53225,103622
264,9,usda.gov,gov,52845,106965,usda.gov,gov,265,9,52902,107119
265,185,disqus.com,com,52466,107885,disqus.com,com,268,188,52659,108336
266,27,unesco.org,org,52428,97043,unesco.org,org,269,27,52596,97473
267,186,zdnet.com,com,52400,95114,zdnet.com,com,266,186,52685,95510
268,187,bandcamp.com,com,52379,120574,bandcamp.com,com,267,187,52672,121252
269,28,sitemaps.org,org,52375,134788,sitemaps.org,org,271,28,52503,135213
270,188,dev.mysql.com,com,52304,98265,dev.mysql.com,com,272,190,52474,98818
271,189,usnews.com,com,52239,109095,usnews.com,com,270,189,52569,109915
272,11,upenn.edu,edu,52194,95998,upenn.edu,edu,273,11,52446,96463
273,190,photobucket.com,com,52130,108962,photobucket.com,com,274,191,52331,109336
274,1,t.me,me,52086,129863,t.me,me,278,1,52115,129724
275,191,engadget.com,com,51969,102688,engadget.com,com,276,192,52197,103238
276,12,psu.edu,edu,51948,95720,psu.edu,edu,275,12,52246,96262
277,192,tandfonline.com,com,51856,96285,tandfonline.com,com,277,193,52120,96622
278,193,cisco.com,com,51728,84012,cisco.com,com,279,194,51907,84252
279,194,redhat.com,com,51583,82066,redhat.com,com,280,195,51719,82270
280,195,android.com,com,51373,90590,android.com,com,282,196,51632,91282
281,9,talktalk.co.uk,uk,51323,88247,talktalk.co.uk,uk,281,9,51714,89219
282,10,noaa.gov,gov,51293,97978,noaa.gov,gov,283,10,51579,98348
283,29,dx.doi.org,org,51147,89815,dx.doi.org,org,284,29,51496,90154
284,196,picasaweb.google.com,com,51037,101527,picasaweb.google.com,com,286,198,51289,101854
285,2,arnebrachhold.de,de,51019,132401,arnebrachhold.de,de,288,2,51164,132808
286,197,quora.com,com,51008,103555,quora.com,com,289,199,51157,104059
287,198,huffpost.com,com,50973,111828,huffpost.com,com,256,182,53785,118372
288,30,iso.org,org,50953,81827,iso.org,org,287,30,51212,82185
289,199,player.youku.com,com,50748,191123,player.youku.com,com,285,197,51415,194578
290,200,vice.com,com,50706,107750,vice.com,com,290,200,50815,108069
291,201,unsplash.com,com,50674,117109,unsplash.com,com,293,201,50694,117059
292,11,state.gov,gov,50571,95730,state.gov,gov,294,11,50664,95928
293,31,upload.wikimedia.org,org,50527,102007,upload.wikimedia.org,org,292,31,50713,102563
294,12,epa.gov,gov,50488,100075,epa.gov,gov,295,12,50647,100257
295,3,eur-lex.europa.eu,eu,50458,130405,eur-lex.europa.eu,eu,291,3,50724,131114
296,202,sciencedaily.com,com,50399,100392,sciencedaily.com,com,297,203,50538,100644
297,203,oreilly.com,com,50331,85729,oreilly.com,com,296,202,50545,86153
298,1,aboutads.info,info,50173,153373,aboutads.info,info,298,1,50362,154008
299,204,nbcnews.com,com,50113,105958,nbcnews.com,com,300,205,50156,106038
300,205,calendar.google.com,com,49981,105193,calendar.google.com,com,299,204,50180,105552
301,206,sagepub.com,com,49874,93036,sagepub.com,com,301,206,50026,93386
302,207,wikihow.com,com,49778,102947,wikihow.com,com,302,207,49932,103533
303,208,wikia.com,com,49556,100673,wikia.com,com,303,208,49813,101254
304,209,finance.yahoo.com,com,49467,96441,finance.yahoo.com,com,305,210,49679,96597
305,210,us.com,com,49445,97588,us.com,com,304,209,49807,98402
306,2,cbc.ca,ca,49379,104777,cbc.ca,ca,307,2,49496,105207
307,211,oup.com,com,49361,91378,oup.com,com,306,211,49608,91631
308,1,vkontakte.ru,ru,49344,112095,vkontakte.ru,ru,310,1,49450,112388
309,1,abc.net.au,au,49328,99597,abc.net.au,au,308,1,49489,100035
310,212,gizmodo.com,com,49264,100057,gizmodo.com,com,313,214,49336,100304
311,213,marketwatch.com,com,49259,97443,marketwatch.com,com,312,213,49385,97738
312,32,allaboutcookies.org,org,49237,129941,allaboutcookies.org,org,311,32,49433,131070
313,214,fortune.com,com,49232,95343,fortune.com,com,309,212,49482,95809
314,215,businesswire.com,com,49151,91718,businesswire.com,com,314,215,49311,92116
315,33,networkadvertising.org,org,49059,115184,networkadvertising.org,org,316,33,49206,115904
316,13,uci.edu,edu,49048,80367,uci.edu,edu,317,13,49199,80619
317,216,giphy.com,com,48954,101604,giphy.com,com,319,217,49156,102183
318,217,meetup.com,com,48947,98598,meetup.com,com,315,216,49224,99155
319,5,chinadaily.com.cn,cn,48715,127971,chinadaily.com.cn,cn,318,5,49194,129745
320,218,example.com,com,48698,86683,example.com,com,321,219,48835,86762
321,219,aws.amazon.com,com,48698,81043,aws.amazon.com,com,320,218,48918,81689
322,2,wa.me,me,48623,121672,wa.me,me,328,2,48302,120560
323,1,mailchi.mp,mp,48598,98307,mailchi.mp,mp,324,1,48530,98134
324,34,worldbank.org,org,48461,85338,worldbank.org,org,322,34,48766,85711
325,220,fastcompany.com,com,48407,95595,fastcompany.com,com,323,220,48555,96061
326,14,wisc.edu,edu,48315,85549,wisc.edu,edu,325,14,48511,85935
327,221,newyorker.com,com,48303,98809,newyorker.com,com,326,221,48510,99394
328,10,ox.ac.uk,uk,48075,84461,ox.ac.uk,uk,329,10,48188,84776
329,35,hbr.org,org,48031,91992,hbr.org,org,330,35,48064,92255
330,222,so.com,com,47865,210984,so.com,com,327,222,48406,212782
331,223,vox.com,com,47739,96551,vox.com,com,331,223,47808,96739
332,224,constantcontact.com,com,47590,105216,constantcontact.com,com,335,227,47549,105261
333,225,shopify.com,com,47572,96332,shopify.com,com,332,224,47717,96583
334,226,m.youtube.com,com,47549,93441,m.youtube.com,com,333,225,47634,93646
335,227,pixabay.com,com,47216,107075,pixabay.com,com,337,229,47302,107446
336,228,uk.com,com,47210,99859,uk.com,com,334,226,47582,100721
337,229,indiatimes.com,com,47160,95341,indiatimes.com,com,336,228,47305,95643
338,1,twitch.tv,tv,47068,97832,twitch.tv,tv,341,1,47062,97958
339,15,umn.edu,edu,46981,84626,umn.edu,edu,338,15,47149,84885
340,230,parallels.com,com,46928,117425,parallels.com,com,340,230,47083,117968
341,16,ucla.edu,edu,46885,84803,ucla.edu,edu,339,16,47125,85202
342,17,uiuc.edu,edu,46837,75504,uiuc.edu,edu,342,17,47044,75721
343,18,academia.edu,edu,46783,88951,academia.edu,edu,343,18,47026,89227
344,36,plos.org,org,46676,85154,plos.org,org,345,36,46973,85616
345,231,developers.facebook.com,com,46636,122368,developers.facebook.com,com,346,232,46800,122917
346,232,hubspot.com,com,46576,90486,hubspot.com,com,349,235,46631,90777
347,233,zend.com,com,46408,91293,zend.com,com,348,234,46660,91766
348,234,outlook.com,com,46334,81847,outlook.com,com,351,236,46350,81831
349,19,utexas.edu,edu,46252,81213,utexas.edu,edu,350,19,46523,81705
350,235,jd.com,com,46168,130522,jd.com,com,347,233,46718,133197
351,2,yandex.ru,ru,46154,137309,yandex.ru,ru,352,2,46265,137746
352,236,statista.com,com,46152,90319,statista.com,com,353,237,46188,90705
353,237,i.imgur.com,com,45883,93577,i.imgur.com,com,356,239,46100,94271
354,238,inc.com,com,45834,91536,inc.com,com,359,241,45998,91773
355,37,cambridge.org,org,45834,81564,cambridge.org,org,361,38,45939,81662
356,38,ieee.org,org,45771,76083,ieee.org,org,358,37,45999,76505
357,239,scientificamerican.com,com,45753,89558,scientificamerican.com,com,360,242,45975,89888
358,6,www.gov.cn,cn,45624,218501,www.gov.cn,cn,354,6,46153,221710
359,11,cam.ac.uk,uk,45588,77269,cam.ac.uk,uk,362,11,45839,77733
360,240,myshopify.com,com,45580,94676,myshopify.com,com,364,243,45587,94698
361,241,v.youku.com,com,45571,121264,v.youku.com,com,357,240,46007,123058
362,39,altervista.org,org,45469,91382,altervista.org,org,363,39,45675,91895
363,2,gouv.fr,fr,45461,96094,gouv.fr,fr,365,2,45513,96323
364,242,dell.com,com,45449,76966,dell.com,com,344,231,46981,79776
365,243,tmall.com,com,45374,136574,tmall.com,com,355,238,46131,139556
366,40,codex.wordpress.org,org,45244,97848,codex.wordpress.org,org,368,40,45444,98360
367,244,psychologytoday.com,com,45241,97872,psychologytoday.com,com,367,244,45448,98262
368,245,chicagotribune.com,com,45164,92376,chicagotribune.com,com,370,245,45372,92909
369,20,uchicago.edu,edu,45139,80135,uchicago.edu,edu,369,21,45411,80589
370,246,netscape.com,com,45099,72784,netscape.com,com,371,246,45336,73055
371,247,dribbble.com,com,44906,99634,dribbble.com,com,373,247,45072,99687
372,248,entrepreneur.com,com,44760,88657,entrepreneur.com,com,374,248,44930,88991
373,21,cmu.edu,edu,44618,74818,cmu.edu,edu,366,20,45486,76362
374,249,zendesk.com,com,44603,78771,zendesk.com,com,375,249,44806,79280
375,3,amazon.de,de,44572,117910,amazon.de,de,372,3,45091,119187
376,250,netflix.com,com,44476,92041,netflix.com,com,376,250,44542,92236
377,251,gofundme.com,com,44322,94311,gofundme.com,com,378,251,44318,94450
378,10,doubleclick.net,net,44230,74160,doubleclick.net,net,377,10,44506,74646
379,252,elegantthemes.com,com,44042,112836,elegantthemes.com,com,381,253,44018,113015
380,253,britannica.com,com,43968,84796,britannica.com,com,379,252,44149,85184
381,12,blogspot.co.uk,uk,43928,95594,blogspot.co.uk,uk,380,12,44134,95947
382,254,nypost.com,com,43876,89927,nypost.com,com,382,254,44007,90078
383,41,mayoclinic.org,org,43845,94456,mayoclinic.org,org,383,41,43951,94695
384,42,oecd.org,org,43725,73510,oecd.org,org,384,42,43890,73886
385,255,slate.com,com,43631,89650,slate.com,com,386,256,43847,90035
386,256,arstechnica.com,com,43561,80812,arstechnica.com,com,387,257,43726,81169
387,1,kiev.ua,ua,43501,88685,kiev.ua,ua,391,1,43600,89024
388,257,hilton.com,com,43454,80528,hilton.com,com,392,259,43551,80865
389,258,bmj.com,com,43452,79698,bmj.com,com,388,258,43664,79915
390,3,fb.me,me,43444,81736,fb.me,me,389,3,43642,82035
391,259,t.qq.com,com,43334,161378,t.qq.com,com,385,255,43880,163495
392,260,indiegogo.com,com,43320,84810,indiegogo.com,com,393,260,43427,85123
393,2,ow.ly,ly,43280,80062,ow.ly,ly,390,2,43602,80515
394,261,deloitte.com,com,43002,71602,deloitte.com,com,394,261,43170,71977
395,3,qc.ca,ca,42775,83003,qc.ca,ca,395,3,43115,83572
396,22,purdue.edu,edu,42775,73575,purdue.edu,edu,396,22,42997,73968
397,13,nps.gov,gov,42598,89369,nps.gov,gov,398,13,42718,89589
398,262,newsweek.com,com,42583,83483,newsweek.com,com,397,262,42753,83833
399,4,line.me,me,42552,116403,line.me,me,402,4,42626,116640
400,263,qz.com,com,42494,82304,qz.com,com,399,263,42694,82663
401,264,sfgate.com,com,42484,89027,sfgate.com,com,401,265,42661,89442
402,265,bizjournals.com,com,42477,85086,bizjournals.com,com,403,266,42605,85350
403,1,icio.us,us,42375,83625,icio.us,us,404,1,42569,84014
404,266,howstuffworks.com,com,42367,82173,howstuffworks.com,com,400,264,42669,82500
405,13,astat.co.uk,uk,42317,120227,astat.co.uk,uk,407,13,42350,120481
406,43,es.wikipedia.org,org,42293,99791,es.wikipedia.org,org,406,43,42500,100189
407,2,del.icio.us,us,42031,82824,del.icio.us,us,409,2,42228,83208
408,7,blog.sina.com.cn,cn,42024,115168,blog.sina.com.cn,cn,405,7,42563,116986
409,44,arxiv.org,org,41897,69796,arxiv.org,org,410,44,42098,70100
410,267,elsevier.com,com,41839,69221,elsevier.com,com,413,268,41928,69358
411,268,cctv.com,com,41824,147576,cctv.com,com,408,267,42288,150096
412,269,ubuntu.com,com,41791,69222,ubuntu.com,com,415,269,41871,69500
413,4,google.ca,ca,41762,89652,google.ca,ca,414,4,41883,89980
414,14,ed.gov,gov,41758,76952,ed.gov,gov,411,14,41983,77376
415,15,ftc.gov,gov,41680,81611,ftc.gov,gov,418,15,41696,81773
416,45,aboutcookies.org,org,41678,93987,aboutcookies.org,org,412,45,41980,94846
417,46,joomla.org,org,41621,82976,joomla.org,org,417,46,41748,83295
418,270,angelfire.com,com,41611,77813,angelfire.com,com,416,270,41824,78301
419,47,bbb.org,org,41534,95183,bbb.org,org,421,47,41629,95507
420,14,mirror.co.uk,uk,41501,83123,mirror.co.uk,uk,422,14,41623,83465
421,1,business.site,site,41493,80244,business.site,site,419,1,41649,80562
422,271,ikea.com,com,41447,81414,ikea.com,com,420,271,41636,81877
423,272,web.facebook.com,com,41442,96469,web.facebook.com,com,423,272,41607,96532
424,23,duke.edu,edu,41186,71568,duke.edu,edu,425,23,41448,71936
425,24,nyu.edu,edu,41133,72307,nyu.edu,edu,426,24,41416,72769
426,3,imageshack.us,us,41123,79817,imageshack.us,us,428,3,41344,80101
427,273,biomedcentral.com,com,41107,71155,biomedcentral.com,com,430,275,41170,71319
428,274,chinanews.com,com,41013,157019,chinanews.com,com,424,273,41471,159863
429,11,fbcdn.net,net,40911,81025,fbcdn.net,net,432,11,41059,81215
430,275,steampowered.com,com,40894,79623,steampowered.com,com,435,279,40896,79769
431,276,jiathis.com,com,40842,137037,jiathis.com,com,427,274,41392,139344
432,8,360.cn,cn,40841,125848,360.cn,cn,429,8,41317,127331
433,277,symantec.com,com,40703,64503,symantec.com,com,434,278,40910,64778
434,278,investopedia.com,com,40698,80750,investopedia.com,com,436,280,40818,80900
435,279,ning.com,com,40686,76556,ning.com,com,437,281,40816,76874
436,280,theconversation.com,com,40576,76740,theconversation.com,com,438,282,40729,77151
437,5,on.ca,ca,40539,76366,on.ca,ca,439,5,40636,76486
438,281,wpengine.com,com,40538,86296,wpengine.com,com,433,277,40993,87364
439,282,cbslocal.com,com,40534,84857,cbslocal.com,com,441,283,40617,85151
440,283,1688.com,com,40410,129562,1688.com,com,431,276,41144,133351
441,4,spiegel.de,de,40381,88819,spiegel.de,de,442,4,40550,89252
442,16,house.gov,gov,40357,78695,house.gov,gov,444,16,40489,78963
443,48,python.org,org,40351,63994,python.org,org,448,48,40424,64194
444,284,nydailynews.com,com,40331,81854,nydailynews.com,com,443,284,40522,82292
445,285,fc2.com,com,40305,97164,fc2.com,com,445,285,40485,97903
446,12,earthlink.net,net,40302,67844,earthlink.net,net,440,12,40633,68389
447,286,over-blog.com,com,40281,81422,over-blog.com,com,447,287,40438,81872
448,287,appspot.com,com,40174,72978,appspot.com,com,449,288,40401,73353
449,288,bitnami.com,com,40143,56235,bitnami.com,com,451,289,40331,56413
450,289,mediafire.com,com,40131,83407,mediafire.com,com,454,291,40263,83719
451,25,si.edu,edu,40123,73154,si.edu,edu,456,26,40193,73174
452,26,ufl.edu,edu,40066,69137,ufl.edu,edu,452,25,40317,69625
453,290,aliexpress.com,com,40056,84878,aliexpress.com,com,446,286,40442,85603
454,291,evernote.com,com,40041,76316,evernote.com,com,455,292,40216,76593
455,49,apachefriends.org,org,39984,76749,apachefriends.org,org,457,50,40190,77215
456,2,smh.com.au,au,39929,77283,smh.com.au,au,458,2,40172,77734
457,50,weforum.org,org,39910,69392,weforum.org,org,460,51,40132,69711
458,1,yahoo.co.jp,jp,39889,102667,yahoo.co.jp,jp,459,1,40150,103422
459,27,usc.edu,edu,39821,69590,usc.edu,edu,461,27,40103,70013
460,292,hexun.com,com,39800,130485,hexun.com,com,453,290,40303,132216
461,17,irs.gov,gov,39790,80350,irs.gov,gov,464,17,39886,80451
462,28,umd.edu,edu,39760,67731,umd.edu,edu,462,28,39953,68085
463,51,postgresql.org,org,39723,62158,postgresql.org,org,463,52,39909,62409
464,52,apa.org,org,39699,74126,apa.org,org,450,49,40342,75307
465,293,dw.com,com,39554,76611,dw.com,com,465,293,39766,76934
466,294,mozilla.com,com,39506,66434,mozilla.com,com,466,294,39708,66764
467,295,merriam-webster.com,com,39492,74959,merriam-webster.com,com,526,323,37001,70749
468,15,thesun.co.uk,uk,39449,79013,thesun.co.uk,uk,467,15,39680,79403
469,296,box.com,com,39330,68823,box.com,com,469,296,39512,69082
470,53,fao.org,org,39310,67088,fao.org,org,470,53,39507,67362
471,29,msu.edu,edu,39162,67227,msu.edu,edu,471,29,39395,67591
472,297,dedecms.com,com,39148,172416,dedecms.com,com,468,295,39577,174264
473,298,fandom.com,com,39108,76601,fandom.com,com,472,297,39357,77173
474,54,pnas.org,org,39102,68964,pnas.org,org,473,54,39323,69279
475,299,arcgis.com,com,38961,67316,arcgis.com,com,496,310,38363,66062
476,300,aliyun.com,com,38924,97609,aliyun.com,com,474,298,39300,98521
477,301,teamviewer.com,com,38922,68136,teamviewer.com,com,479,301,39001,68353
478,18,usgs.gov,gov,38895,69360,usgs.gov,gov,475,18,39070,69630
479,302,store.steampowered.com,com,38886,75402,store.steampowered.com,com,483,304,38869,75503
480,303,themeisle.com,com,38845,88654,themeisle.com,com,485,306,38789,88569
481,304,walmart.com,com,38841,78284,walmart.com,com,480,302,38959,78597
482,30,ucsd.edu,edu,38781,67094,ucsd.edu,edu,477,30,39015,67501
483,305,googleblog.com,com,38773,70301,googleblog.com,com,476,299,39049,71057
484,306,getpocket.com,com,38758,88769,getpocket.com,com,484,305,38861,88872
485,55,openssl.org,org,38757,57065,openssl.org,org,482,55,38954,57291
486,307,jquery.com,com,38744,69569,jquery.com,com,478,300,39005,70158
487,31,jhu.edu,edu,38705,66100,jhu.edu,edu,497,31,38335,65264
488,308,barnesandnoble.com,com,38683,83362,barnesandnoble.com,com,481,303,38955,83907
489,19,census.gov,gov,38530,71305,census.gov,gov,486,19,38751,71602
490,2,itu.int,int,38502,60045,itu.int,int,491,2,38440,59951
491,309,foursquare.com,com,38466,73403,foursquare.com,com,488,307,38622,73782
492,310,typeform.com,com,38327,69258,typeform.com,com,492,309,38420,69559
493,311,lifehacker.com,com,38310,74637,lifehacker.com,com,489,308,38546,75042
494,56,dmoz.org,org,38277,61213,dmoz.org,org,493,57,38407,61374
495,9,google.cn,cn,38274,85480,google.cn,cn,487,9,38748,86404
496,312,enable-javascript.com,com,38260,73763,enable-javascript.com,com,498,311,38334,73912
497,57,wiktionary.org,org,38255,71797,wiktionary.org,org,490,56,38534,72288
498,58,slashdot.org,org,38222,65978,slashdot.org,org,494,58,38395,66215
499,5,about.me,me,38209,72834,about.me,me,495,5,38375,73225
500,1,govt.nz,nz,38177,67665,govt.nz,nz,501,1,38284,67902
501,313,web.whatsapp.com,com,38108,96447,web.whatsapp.com,com,506,314,38037,96040
502,20,senate.gov,gov,38067,72633,senate.gov,gov,503,20,38147,72792
503,2,ustream.tv,tv,38031,69937,ustream.tv,tv,499,2,38304,70303
504,314,mobile.twitter.com,com,38020,72055,mobile.twitter.com,com,504,312,38109,72306
505,59,mitre.org,org,38018,58171,mitre.org,org,500,59,38287,58499
506,60,freebsd.org,org,37983,58454,freebsd.org,org,502,60,38148,58660
507,315,rt.com,com,37936,73587,rt.com,com,505,313,38068,73807
508,316,livescience.com,com,37877,73901,livescience.com,com,509,316,37898,73907
509,317,venturebeat.com,com,37870,68026,venturebeat.com,com,507,315,38032,68350
510,61,acs.org,org,37670,64356,acs.org,org,508,61,38005,64754
511,318,espn.com,com,37644,73692,espn.com,com,510,317,37854,74143
512,62,openstreetmap.org,org,37629,73184,openstreetmap.org,org,513,62,37766,73412
513,319,weather.com,com,37627,68217,weather.com,com,511,318,37803,68570
514,32,northwestern.edu,edu,37566,65102,northwestern.edu,edu,512,32,37777,65451
515,2,in.ua,ua,37528,76766,in.ua,ua,514,2,37701,77207
516,320,xing.com,com,37425,103852,xing.com,com,517,320,37484,104183
517,33,unc.edu,edu,37394,62751,unc.edu,edu,519,34,37417,62909
518,34,illinois.edu,edu,37380,63002,illinois.edu,edu,515,33,37652,63425
519,321,theglobeandmail.com,com,37314,73528,theglobeandmail.com,com,516,319,37508,73889
520,1,google.es,es,37270,87462,google.es,es,518,1,37418,87847
521,322,newscientist.com,com,37123,66163,newscientist.com,com,520,321,37274,66377
522,3,news.com.au,au,37034,70241,news.com.au,au,521,3,37230,70667
523,35,arizona.edu,edu,37031,63045,arizona.edu,edu,523,35,37119,63173
524,4,zoom.us,us,37029,65997,zoom.us,us,594,4,34628,60730
525,323,businessweek.com,com,37017,64677,businessweek.com,com,522,322,37212,64973
526,1,gob.mx,mx,36871,65160,gob.mx,mx,524,1,37097,65553
527,1,go.id,id,36848,72092,go.id,id,527,1,36961,72178
528,16,thetimes.co.uk,uk,36717,68333,thetimes.co.uk,uk,531,16,36812,68644
529,324,w3schools.com,com,36693,62849,w3schools.com,com,530,325,36833,63145
530,63,kernel.org,org,36682,57386,kernel.org,org,528,63,36872,57562
531,325,salesforce.com,com,36661,61142,salesforce.com,com,534,328,36734,61333
532,326,blogs.wsj.com,com,36651,67272,blogs.wsj.com,com,529,324,36838,67553
533,327,livestream.com,com,36610,64889,livestream.com,com,533,327,36804,65222
534,328,variety.com,com,36590,72137,variety.com,com,532,326,36804,72491
535,329,amazon-adsystem.com,com,36583,99918,amazon-adsystem.com,com,538,330,36573,99731
536,10,cntv.cn,cn,36523,119090,cntv.cn,cn,525,10,37067,121295
537,3,spb.ru,ru,36483,73237,spb.ru,ru,535,3,36661,73631
538,330,alexa.com,com,36460,67910,alexa.com,com,536,329,36643,68143
539,64,pewresearch.org,org,36378,67872,pewresearch.org,org,560,67,35785,66480
540,3,google.fr,fr,36370,78098,google.fr,fr,540,3,36540,78594
541,65,drupal.org,org,36336,61078,drupal.org,org,541,64,36529,61297
542,331,vmware.com,com,36270,54957,vmware.com,com,546,333,36314,55092
543,2,sakura.ne.jp,jp,36244,79655,sakura.ne.jp,jp,537,2,36577,80378
544,21,nist.gov,gov,36218,55784,nist.gov,gov,542,21,36424,56111
545,332,verisign.com,com,36193,54685,verisign.com,com,548,335,36305,54779
546,66,fedoraproject.org,org,36159,64471,fedoraproject.org,org,543,65,36415,65076
547,333,timeanddate.com,com,36156,63677,timeanddate.com,com,547,334,36309,63978
548,334,wufoo.com,com,36093,69101,wufoo.com,com,545,332,36320,69489
549,335,afternic.com,com,36042,62158,afternic.com,com,551,337,36148,62038
550,336,buydomains.com,com,36029,61737,buydomains.com,com,550,336,36157,61989
551,22,bls.gov,gov,36010,66975,bls.gov,gov,549,22,36232,67279
552,6,wp.me,me,35915,79465,wp.me,me,552,6,36120,79760
553,337,rollingstone.com,com,35876,71921,rollingstone.com,com,554,339,36012,72462
554,338,boston.com,com,35839,68248,boston.com,com,553,338,36030,68546
555,339,gartner.com,com,35783,57785,gartner.com,com,555,340,35970,58124
556,340,broadcom.com,com,35762,54698,broadcom.com,com,544,331,36379,55693
557,67,iana.org,org,35736,55182,iana.org,org,557,66,35915,55411
558,341,pcmag.com,com,35735,63771,pcmag.com,com,556,341,35921,64322
559,342,instructables.com,com,35713,66750,instructables.com,com,558,342,35839,67051
560,343,healthline.com,com,35658,77428,healthline.com,com,561,344,35662,77422
561,344,elpais.com,com,35654,75047,elpais.com,com,559,343,35818,75299
562,345,gotowebinar.com,com,35462,55129,gotowebinar.com,com,567,349,35400,54969
563,346,list-manage1.com,com,35454,64117,list-manage1.com,com,562,345,35575,64342
564,6,utoronto.ca,ca,35326,58574,utoronto.ca,ca,563,6,35550,58981
565,347,siemens.com,com,35307,56915,siemens.com,com,570,352,35266,56704
566,348,nvidia.com,com,35265,58825,nvidia.com,com,565,347,35440,59061
567,349,prezi.com,com,35254,59320,prezi.com,com,564,346,35478,59675
568,350,mckinsey.com,com,35198,58911,mckinsey.com,com,569,351,35312,59219
569,351,scholar.google.com,com,35178,58781,scholar.google.com,com,568,350,35349,58978
570,23,sec.gov,gov,35091,60803,sec.gov,gov,574,23,35210,61125
571,352,discovery.com,com,35083,61958,discovery.com,com,571,353,35262,62192
572,353,hollywoodreporter.com,com,35076,68989,hollywoodreporter.com,com,572,354,35221,69336
573,354,proofpoint.com,com,34979,56895,proofpoint.com,com,573,355,35211,57293
574,355,airbnb.com,com,34974,68246,airbnb.com,com,575,356,35132,68622
575,356,nike.com,com,34935,61988,nike.com,com,576,357,35125,62276
576,68,eff.org,org,34897,59332,eff.org,org,577,68,35107,59586
577,36,virginia.edu,edu,34854,58604,virginia.edu,edu,582,36,34983,58830
578,17,express.co.uk,uk,34853,68591,express.co.uk,uk,580,17,35011,68811
579,24,privacyshield.gov,gov,34850,125377,privacyshield.gov,gov,583,25,34981,125864
580,357,oauth.vk.com,com,34849,72262,oauth.vk.com,com,566,348,35405,73796
581,69,opensource.org,org,34795,57192,opensource.org,org,586,69,34940,57508
582,37,asu.edu,edu,34758,58436,asu.edu,edu,585,37,34944,58823
583,358,java.com,com,34758,52815,java.com,com,581,358,34996,53146
584,25,hhs.gov,gov,34707,64905,hhs.gov,gov,578,24,35099,65481
585,359,nokia.com,com,34704,56278,nokia.com,com,584,359,34969,56658
586,7,telegram.me,me,34674,84851,telegram.me,me,598,7,34571,84695
587,11,finance.sina.com.cn,cn,34666,110657,finance.sina.com.cn,cn,579,11,35089,112052
588,18,theregister.co.uk,uk,34660,59314,theregister.co.uk,uk,589,18,34778,59568
589,70,wiki.apache.org,org,34660,50322,wiki.apache.org,org,588,70,34784,50443
590,360,googleapis.com,com,34612,60863,googleapis.com,com,592,362,34713,61141
591,361,sky.com,com,34569,63645,sky.com,com,593,363,34631,63797
592,362,thenextweb.com,com,34568,61738,thenextweb.com,com,590,360,34757,61982
593,3,google.co.jp,jp,34541,113802,google.co.jp,jp,596,3,34610,114321
594,363,com.com,com,34521,59162,com.com,com,591,361,34731,59514
595,364,politico.com,com,34403,67621,politico.com,com,603,366,34420,67631
596,38,rutgers.edu,edu,34383,57973,rutgers.edu,edu,597,39,34603,58297
597,365,technologyreview.com,com,34345,59013,technologyreview.com,com,600,364,34534,59229
598,39,udel.edu,edu,34322,53092,udel.edu,edu,599,40,34537,53470
599,366,mapquest.com,com,34317,63575,mapquest.com,com,602,365,34464,63786
600,40,ucdavis.edu,edu,34254,58183,ucdavis.edu,edu,601,41,34493,58600
601,367,aljazeera.com,com,34207,65182,aljazeera.com,com,611,371,34248,65267
602,368,shutterstock.com,com,34201,67637,shutterstock.com,com,605,367,34350,68112
603,41,bu.edu,edu,34200,57763,bu.edu,edu,604,42,34396,58024
604,42,indiana.edu,edu,34188,54861,indiana.edu,edu,595,38,34616,55482
605,369,digitaltrends.com,com,34167,62483,digitaltrends.com,com,607,369,34307,62859
606,370,chron.com,com,34153,65175,chron.com,com,606,368,34327,65503
607,71,jstor.org,org,34138,58245,jstor.org,org,613,72,34206,58394
608,5,posot.de,de,34122,61534,posot.de,de,609,7,34274,61866
609,6,class.posot.de,de,34097,61428,class.posot.de,de,610,8,34249,61759
610,371,stackexchange.com,com,34083,58994,stackexchange.com,com,608,370,34288,59267
611,72,faqs.org,org,34064,53320,faqs.org,org,612,71,34208,53446
612,372,thedailybeast.com,com,34038,66919,thedailybeast.com,com,615,372,34170,67220
613,373,delicious.com,com,33976,64176,delicious.com,com,616,373,34170,64594
614,26,uspto.gov,gov,33924,56749,uspto.gov,gov,614,26,34172,57094
615,374,thelancet.com,com,33884,58804,thelancet.com,com,622,375,33856,58699
616,73,rfc-editor.org,org,33824,49500,rfc-editor.org,org,618,73,33969,49616
617,375,pcworld.com,com,33749,58257,pcworld.com,com,627,377,33802,58337
618,1,google.it,it,33724,75124,google.it,it,623,1,33847,75445
619,7,bc.ca,ca,33704,61568,bc.ca,ca,620,7,33939,61844
620,74,oxfordjournals.org,org,33674,54565,oxfordjournals.org,org,625,75,33815,54907
621,75,phys.org,org,33673,58860,phys.org,org,626,76,33809,59093
622,376,jamanetwork.com,com,33658,61418,jamanetwork.com,com,629,378,33726,61439
623,43,colorado.edu,edu,33646,54881,colorado.edu,edu,628,43,33754,55162
624,76,kde.org,org,33605,53869,kde.org,org,621,74,33920,54380
625,377,yolasite.com,com,33569,61215,yolasite.com,com,624,376,33843,61600
626,44,osu.edu,edu,33457,57102,osu.edu,edu,630,44,33648,57405
627,378,prweb.com,com,33453,60948,prweb.com,com,632,380,33610,61367
628,13,azurewebsites.net,net,33425,55957,azurewebsites.net,net,617,13,34118,57298
629,4,mail.ru,ru,33389,84213,mail.ru,ru,635,4,33471,84492
630,77,coursera.org,org,33388,55375,coursera.org,org,645,78,33286,55065
631,379,docker.com,com,33375,59411,docker.com,com,638,384,33416,59802
632,380,gmail.com,com,33362,57909,gmail.com,com,636,382,33445,58105
633,381,patreon.com,com,33355,69528,patreon.com,com,637,383,33416,69605
634,382,twimg.com,com,33342,63266,twimg.com,com,634,381,33516,63716
635,383,scmp.com,com,33337,60215,scmp.com,com,639,385,33410,60321
636,384,thoughtco.com,com,33333,60799,thoughtco.com,com,631,379,33632,61473
637,27,archives.gov,gov,33259,60038,archives.gov,gov,640,27,33407,60300
638,385,trello.com,com,33235,59627,trello.com,com,647,387,33204,59676
639,78,icann.org,org,33228,56700,icann.org,org,641,77,33394,57158
640,19,metro.co.uk,uk,33214,65016,metro.co.uk,uk,642,19,33359,65345
641,386,today.com,com,33185,64182,today.com,com,646,386,33231,64381
642,387,getbootstrap.com,com,33149,55137,getbootstrap.com,com,619,374,33955,57097
643,79,nejm.org,org,33112,57106,nejm.org,org,656,80,33058,56936
644,388,medicalnewstoday.com,com,33088,66536,medicalnewstoday.com,com,650,388,33116,66557
645,12,news.sina.com.cn,cn,33076,115329,news.sina.com.cn,cn,643,12,33345,116434
646,2,flic.kr,kr,33062,58034,flic.kr,kr,644,2,33297,58293
647,80,perl.org,org,33045,49679,perl.org,org,649,79,33174,49795
648,389,att.com,com,32983,55030,att.com,com,654,390,33071,55371
649,390,withgoogle.com,com,32964,55530,withgoogle.com,com,661,396,32903,55430
650,391,dictionary.com,com,32941,60753,dictionary.com,com,655,391,33069,60935
651,392,ign.com,com,32919,62163,ign.com,com,657,392,33054,62424
652,45,tamu.edu,edu,32901,54265,tamu.edu,edu,651,45,33088,54504
653,1,google.co.in,in,32898,69713,google.co.in,in,653,1,33072,70183
654,393,urbandictionary.com,com,32888,62737,urbandictionary.com,com,652,389,33078,63120
655,7,businessinsider.de,de,32874,61637,businessinsider.de,de,587,6,34917,65505
656,394,phpbb.com,com,32874,60445,phpbb.com,com,660,395,32948,60650
657,395,novell.com,com,32833,50127,novell.com,com,659,394,32967,50276
658,396,gallup.com,com,32792,59622,gallup.com,com,658,393,32992,59857
659,81,ru.wikipedia.org,org,32673,76378,ru.wikipedia.org,org,663,81,32776,76592
660,397,tinypic.com,com,32646,60175,tinypic.com,com,662,397,32785,60529
661,398,adweek.com,com,32589,59506,adweek.com,com,664,398,32762,59822
662,399,news.google.com,com,32563,60321,news.google.com,com,667,401,32702,60554
663,400,nymag.com,com,32557,64946,nymag.com,com,665,399,32730,65309
664,1,51.la,la,32529,90041,51.la,la,648,1,33187,91977
665,401,dropboxusercontent.com,com,32506,54836,dropboxusercontent.com,com,666,400,32706,55198
666,1,go.th,th,32503,59107,go.th,th,668,1,32659,59471
667,4,lemonde.fr,fr,32489,60468,lemonde.fr,fr,669,4,32640,60900
668,82,acm.org,org,32335,50844,acm.org,org,670,82,32569,51151
669,402,wunderground.com,com,32330,56468,wunderground.com,com,671,402,32497,56689
670,1,uol.com.br,br,32308,65835,uol.com.br,br,675,1,32399,66136
671,403,frontier.com,com,32291,50761,frontier.com,com,681,407,32320,50937
672,404,lonelyplanet.com,com,32276,57894,lonelyplanet.com,com,672,403,32472,58166
673,83,cpan.org,org,32245,48941,cpan.org,org,673,83,32419,49079
674,14,rs6.net,net,32233,62934,rs6.net,net,684,14,32270,62939
675,405,mixcloud.com,com,32218,63562,mixcloud.com,com,685,409,32238,63769
676,4,amazon.co.jp,jp,32182,79323,amazon.co.jp,jp,676,4,32379,79756
677,1,last.fm,fm,32160,59066,last.fm,fm,677,1,32342,59379
678,8,ubc.ca,ca,32129,53140,ubc.ca,ca,680,9,32325,53464
679,406,uber.com,com,32104,56943,uber.com,com,682,408,32305,57247
680,407,force.com,com,32103,51825,force.com,com,679,406,32327,52044
681,408,namecheap.com,com,32102,60721,namecheap.com,com,678,405,32331,61541
682,409,themegrill.com,com,32040,74667,themegrill.com,com,687,411,32112,74689
683,46,wustl.edu,edu,31996,51448,wustl.edu,edu,683,46,32273,51798
684,84,bitbucket.org,org,31988,48869,bitbucket.org,org,689,84,32087,49003
685,410,dl.dropboxusercontent.com,com,31983,53641,dl.dropboxusercontent.com,com,686,410,32182,53999
686,85,unicef.org,org,31983,53379,unicef.org,org,691,85,32022,53424
687,28,fbi.gov,gov,31965,55925,fbi.gov,gov,688,28,32089,56116
688,411,smugmug.com,com,31905,60226,smugmug.com,com,690,412,32050,60574
689,29,usa.gov,gov,31862,54778,usa.gov,gov,699,29,31786,54448
690,412,thehill.com,com,31843,61078,thehill.com,com,696,417,31896,61112
691,413,playstation.com,com,31817,59408,playstation.com,com,694,415,31911,59836
692,414,history.com,com,31772,59967,history.com,com,695,416,31907,60277
693,415,salon.com,com,31757,61436,salon.com,com,692,413,31953,61774
694,416,techtarget.com,com,31726,52965,techtarget.com,com,693,414,31931,53168
695,417,bostonglobe.com,com,31667,59558,bostonglobe.com,com,674,404,32418,61016
696,86,ap.org,org,31643,55743,ap.org,org,697,86,31805,55889
697,15,akamaihd.net,net,31610,58110,akamaihd.net,net,698,15,31803,58504
698,30,dot.gov,gov,31554,55500,dot.gov,gov,702,30,31679,55658
699,9,blogspot.ca,ca,31542,64694,blogspot.ca,ca,700,10,31755,64979
700,418,nba.com,com,31539,55623,nba.com,com,701,418,31713,55851
701,419,gitlab.com,com,31504,48118,gitlab.com,com,704,420,31504,48184
702,20,www.nhs.uk,uk,31431,64497,www.nhs.uk,uk,705,20,31503,64471
703,420,naver.com,com,31405,66515,naver.com,com,703,419,31543,67021
704,421,cygwin.com,com,31279,47851,cygwin.com,com,707,422,31408,47973
705,422,moz.com,com,31237,59080,moz.com,com,715,428,31304,59287
706,423,seattletimes.com,com,31210,58770,seattletimes.com,com,713,427,31339,59057
707,3,go.kr,kr,31205,59188,go.kr,kr,714,3,31311,59428
708,424,asus.com,com,31198,52908,asus.com,com,711,425,31347,53217
709,425,ssrn.com,com,31183,52368,ssrn.com,com,712,426,31344,52587
710,426,huawei.com,com,31173,52131,huawei.com,com,708,423,31376,52529
711,8,m.me,me,31151,64274,m.me,me,717,8,31209,64385
712,87,greenpeace.org,org,31136,52841,greenpeace.org,org,709,87,31352,53172
713,31,dhs.gov,gov,31117,53058,dhs.gov,gov,716,31,31267,53248
714,427,huanqiu.com,com,31068,89068,huanqiu.com,com,706,421,31445,90220
715,428,trustpilot.com,com,31040,64632,trustpilot.com,com,718,429,31182,65275
716,21,ucl.ac.uk,uk,31019,50426,ucl.ac.uk,uk,720,21,31114,50588
717,429,autodesk.com,com,30997,49594,autodesk.com,com,719,430,31116,49818
718,430,colorlib.com,com,30959,66259,colorlib.com,com,728,436,30942,66245
719,32,justice.gov,gov,30886,56313,justice.gov,gov,722,32,30990,56478
720,431,target.com,com,30875,62279,target.com,com,721,431,30992,62554
721,432,widgets.wp.com,com,30840,80782,widgets.wp.com,com,734,441,30870,80970
722,433,homestead.com,com,30837,57189,homestead.com,com,724,433,30974,57482
723,434,hyatt.com,com,30781,52500,hyatt.com,com,729,437,30923,52788
724,435,techradar.com,com,30767,53606,techradar.com,com,723,432,30982,53860
725,436,apnews.com,com,30759,58317,apnews.com,com,731,439,30885,58511
726,437,mlb.com,com,30757,57192,mlb.com,com,727,435,30957,57514
727,438,pwc.com,com,30726,48525,pwc.com,com,737,443,30811,48764
728,439,sharepoint.com,com,30705,46251,sharepoint.com,com,740,446,30776,46242
729,440,douban.com,com,30704,66532,douban.com,com,726,434,30966,67133
730,22,ebay.co.uk,uk,30693,58828,ebay.co.uk,uk,733,22,30872,59193
731,441,fifa.com,com,30688,52001,fifa.com,com,732,440,30876,52403
732,4,vic.gov.au,au,30659,58304,vic.gov.au,au,735,4,30839,58577
733,13,gmw.cn,cn,30643,103916,gmw.cn,cn,725,13,30968,105564
734,442,sony.com,com,30634,50362,sony.com,com,736,442,30823,50722
735,443,woocommerce.com,com,30611,66113,woocommerce.com,com,929,546,26996,57527
736,444,accuweather.com,com,30606,53819,accuweather.com,com,741,447,30743,54220
737,445,indeed.com,com,30595,53446,indeed.com,com,738,444,30794,53590
738,1,haxx.se,se,30579,46661,haxx.se,se,742,1,30697,46804
739,446,thestar.com,com,30566,58448,thestar.com,com,739,445,30782,58867
740,47,ncsu.edu,edu,30565,49663,ncsu.edu,edu,744,47,30684,49872
741,5,hatena.ne.jp,jp,30530,75913,hatena.ne.jp,jp,746,5,30650,76165
742,447,msdn.com,com,30446,46042,msdn.com,com,747,449,30637,46341
743,5,narod.ru,ru,30438,59102,narod.ru,ru,749,5,30556,59424
744,1,ethz.ch,ch,30430,48389,ethz.ch,ch,745,1,30655,48670
745,448,hc360.com,com,30408,79866,hc360.com,com,730,438,30887,81519
746,1,army.mil,mil,30366,52875,army.mil,mil,748,1,30564,53118
747,48,pitt.edu,edu,30362,48610,pitt.edu,edu,750,48,30522,48823
748,449,news.163.com,com,30330,80114,news.163.com,com,743,448,30684,81450
749,88,consumerreports.org,org,30325,58454,consumerreports.org,org,751,88,30470,58688
750,89,openldap.org,org,30275,43930,openldap.org,org,752,89,30447,44073
751,450,smithsonianmag.com,com,30249,55909,smithsonianmag.com,com,753,450,30441,56144
752,451,people.com,com,30210,58770,people.com,com,754,451,30430,59050
753,33,congress.gov,gov,30182,54326,congress.gov,gov,760,34,30177,54341
754,452,disney.com,com,30159,53542,disney.com,com,772,458,29944,53092
755,453,slack.com,com,30135,50995,slack.com,com,765,456,30051,50916
756,90,khanacademy.org,org,30105,49718,khanacademy.org,org,768,92,30002,49548
757,34,cia.gov,gov,30080,49992,cia.gov,gov,755,33,30267,50238
758,91,olympic.org,org,30076,48265,olympic.org,org,756,90,30241,48434
759,2,navy.mil,mil,30070,49894,navy.mil,mil,758,2,30188,50125
760,454,automattic.com,com,30052,76930,automattic.com,com,759,452,30185,77276
761,1,is.gd,gd,30049,51896,is.gd,gd,757,1,30221,52106
762,92,cn.wordpress.org,org,30028,127935,cn.wordpress.org,org,766,91,30013,127147
763,455,securityfocus.com,com,30019,45681,securityfocus.com,com,762,453,30147,45793
764,35,energy.gov,gov,29983,53654,energy.gov,gov,761,35,30161,53960
765,456,libsyn.com,com,29967,60822,libsyn.com,com,764,455,30064,61035
766,36,ny.gov,gov,29958,57272,ny.gov,gov,769,36,29992,57358
767,8,blogspot.de,de,29948,65162,blogspot.de,de,767,9,30010,65353
768,10,pinterest.ca,ca,29911,72787,pinterest.ca,ca,633,8,33562,82484
769,457,snapchat.com,com,29910,55309,snapchat.com,com,763,454,30129,55527
770,93,gutenberg.org,org,29850,51001,gutenberg.org,org,771,93,29952,51209
771,458,thefreedictionary.com,com,29803,53413,thefreedictionary.com,com,770,457,29987,53707
772,459,globo.com,com,29802,62250,globo.com,com,773,459,29920,62541
773,460,steamcommunity.com,com,29800,55944,steamcommunity.com,com,774,460,29915,56134
774,461,ihg.com,com,29799,48098,ihg.com,com,790,470,29581,47824
775,94,cancer.org,org,29752,54413,cancer.org,org,777,94,29843,54650
776,462,mac.com,com,29750,52718,mac.com,com,775,461,29898,52930
777,463,ehow.com,com,29744,54318,ehow.com,com,776,462,29865,54605
778,464,pastebin.com,com,29666,52023,pastebin.com,com,784,465,29671,52340
779,95,craigslist.org,org,29617,55557,craigslist.org,org,778,95,29827,55856
780,465,bestsevenreviews.com,com,29583,46350,bestsevenreviews.com,com,5166,2705,9141,12674
781,466,pexels.com,com,29570,59202,pexels.com,com,786,466,29622,59171
782,96,imf.org,org,29564,47050,imf.org,org,783,97,29676,47113
783,49,ucsb.edu,edu,29548,48077,ucsb.edu,edu,779,49,29708,48322
784,467,ibtimes.com,com,29509,53303,ibtimes.com,com,782,464,29680,53670
785,97,eurekalert.org,org,29504,50690,eurekalert.org,org,781,96,29684,50994
786,468,foodnetwork.com,com,29492,59970,foodnetwork.com,com,806,476,29258,59336
787,37,fcc.gov,gov,29490,50387,fcc.gov,gov,785,37,29635,50611
788,469,herokuapp.com,com,29444,50720,herokuapp.com,com,791,471,29563,50977
789,470,mystrikingly.com,com,29440,52875,mystrikingly.com,com,787,467,29613,53221
790,50,utah.edu,edu,29435,47449,utah.edu,edu,792,50,29563,47690
791,471,000webhostapp.com,com,29418,56027,000webhostapp.com,com,780,463,29700,56603
792,472,staticflickr.com,com,29378,56171,staticflickr.com,com,788,468,29610,56608
793,23,ed.ac.uk,uk,29373,45505,ed.ac.uk,uk,794,23,29531,45749
794,473,computerworld.com,com,29363,47530,computerworld.com,com,797,473,29483,47704
795,98,moodle.org,org,29345,43813,moodle.org,org,805,98,29264,43734
796,474,toutiao.com,com,29344,80547,toutiao.com,com,789,469,29599,81547
797,38,va.gov,gov,29337,54151,va.gov,gov,798,38,29458,54424
798,51,caltech.edu,edu,29321,45586,caltech.edu,edu,793,51,29532,45848
799,1,tiny.cc,cc,29311,48575,tiny.cc,cc,799,1,29432,48780
800,52,brown.edu,edu,29300,48024,brown.edu,edu,795,52,29508,48335
801,475,bigcartel.com,com,29292,60655,bigcartel.com,com,796,472,29492,60986
802,1,g.page,page,29292,55850,g.page,page,809,1,29220,55557
803,53,tufts.edu,edu,29263,47778,tufts.edu,edu,802,53,29375,48061
804,9,bund.de,de,29253,93864,bund.de,de,804,10,29306,94141
805,476,examiner.com,com,29218,54665,examiner.com,com,801,474,29407,54846
806,16,secureserver.net,net,29215,82695,secureserver.net,net,811,16,29182,82805
807,5,google.com.au,au,29212,57688,google.com.au,au,800,5,29428,58015
808,99,heart.org,org,29169,51748,heart.org,org,807,99,29254,51876
809,477,udemy.com,com,29090,54435,udemy.com,com,815,480,29099,54402
810,5,asso.fr,fr,29067,53025,asso.fr,fr,812,5,29170,53382
811,478,digital.com,com,29044,44108,digital.com,com,814,479,29116,44262
812,479,item.taobao.com,com,29042,57617,item.taobao.com,com,803,475,29313,58219
813,480,vanityfair.com,com,29031,55156,vanityfair.com,com,810,477,29183,55387
814,1,discord.gg,gg,29015,58604,discord.gg,gg,820,1,28969,58608
815,481,snopes.com,com,29015,53293,snopes.com,com,813,478,29161,53496
816,482,technorati.com,com,28938,51486,technorati.com,com,816,481,29064,51610
817,483,washingtontimes.com,com,28856,53094,washingtontimes.com,com,818,483,29034,53348
818,484,sap.com,com,28805,44792,sap.com,com,822,485,28910,45012
819,14,cri.cn,cn,28791,75932,cri.cn,cn,808,14,29245,77606
820,485,ea.com,com,28775,50905,ea.com,com,817,482,29045,51439
821,54,hawaii.edu,edu,28759,45935,hawaii.edu,edu,821,54,28955,46296
822,2,g.co,co,28747,49235,g.co,co,823,2,28854,49328
823,6,ok.ru,ru,28717,72775,ok.ru,ru,826,6,28786,72973
824,9,paypal.me,me,28699,55866,paypal.me,me,827,9,28781,55945
825,486,java.sun.com,com,28692,39309,java.sun.com,com,824,486,28839,39512
826,10,aol.de,de,28677,45755,aol.de,de,539,5,36573,59057
827,487,platform.twitter.com,com,28661,53412,platform.twitter.com,com,830,489,28731,53592
828,488,icloud.com,com,28641,49714,icloud.com,com,825,487,28795,49941
829,17,ovh.net,net,28583,52601,ovh.net,net,838,17,28608,52733
830,489,lenovo.com,com,28544,45896,lenovo.com,com,710,424,31350,50356
831,2,readthedocs.io,io,28544,42658,readthedocs.io,io,831,2,28686,42868
832,490,atlassian.com,com,28529,41283,atlassian.com,com,835,491,28625,41399
833,1,waw.pl,pl,28521,53647,waw.pl,pl,833,1,28672,53925
834,55,vt.edu,edu,28508,45350,vt.edu,edu,832,55,28685,45540
835,491,prestashop.com,com,28496,58311,prestashop.com,com,840,495,28577,58535
836,492,discordapp.com,com,28487,56788,discordapp.com,com,849,502,28409,56693
837,493,lg.com,com,28480,46938,lg.com,com,836,492,28621,47253
838,494,ups.com,com,28472,43580,ups.com,com,839,494,28581,43706
839,495,mercurynews.com,com,28460,52577,mercurynews.com,com,837,493,28612,52833
840,496,billboard.com,com,28424,53444,billboard.com,com,845,499,28494,53647
841,24,standard.co.uk,uk,28415,53415,standard.co.uk,uk,841,24,28557,53666
842,497,perl.com,com,28408,42846,perl.com,com,834,490,28636,43067
843,498,voanews.com,com,28407,49714,voanews.com,com,846,500,28474,49907
844,499,canva.com,com,28406,55181,canva.com,com,857,507,28310,54986
845,500,warnerbros.com,com,28369,48453,warnerbros.com,com,842,496,28547,48719
846,15,ce.cn,cn,28366,87353,ce.cn,cn,828,15,28767,88642
847,2,admin.ch,ch,28353,49648,admin.ch,ch,848,2,28442,49824
848,501,500px.com,com,28347,52507,500px.com,com,843,497,28500,52834
849,502,reference.com,com,28313,50451,reference.com,com,847,501,28443,50632
850,11,ccc.de,de,28300,47260,ccc.de,de,851,11,28406,47429
851,503,wikidot.com,com,28286,48714,wikidot.com,com,844,498,28496,49048
852,504,feedly.com,com,28265,55998,feedly.com,com,852,504,28388,56211
853,505,answers.com,com,28262,48871,answers.com,com,850,503,28408,49157
854,506,alipay.com,com,28255,58447,alipay.com,com,829,488,28766,59683
855,507,accor.com,com,28220,45330,accor.com,com,819,484,29023,46767
856,508,000webhost.com,com,28185,51944,000webhost.com,com,854,505,28352,52240
857,39,gpo.gov,gov,28185,48016,gpo.gov,gov,855,39,28329,48190
858,509,nikkei.com,com,28159,54508,nikkei.com,com,859,508,28245,54664
859,25,ico.org.uk,uk,28147,64954,ico.org.uk,uk,853,25,28366,65485
860,510,mtv.com,com,28142,51491,mtv.com,com,860,509,28223,51556
861,511,storify.com,com,28113,47658,storify.com,com,856,506,28320,47991
862,512,nielsen.com,com,28106,46365,nielsen.com,com,862,510,28167,46620
863,513,cdn.shopify.com,com,28105,51866,cdn.shopify.com,com,863,511,28157,51954
864,6,lefigaro.fr,fr,28085,51386,lefigaro.fr,fr,865,6,28109,51652
865,40,wa.gov,gov,28078,51542,wa.gov,gov,861,40,28184,51674
866,514,panasonic.com,com,28014,46570,panasonic.com,com,877,519,27906,46480
867,6,nsw.gov.au,au,27994,52660,nsw.gov.au,au,864,6,28149,52894
868,515,philips.com,com,27945,43902,philips.com,com,868,514,28088,44070
869,56,gmu.edu,edu,27931,45701,gmu.edu,edu,870,56,28073,45997
870,2,scoop.it,it,27920,50236,scoop.it,it,871,2,28061,50564
871,100,redcross.org,org,27914,51225,redcross.org,org,875,100,27991,51470
872,18,hardened-php.net,net,27914,47718,hardened-php.net,net,869,18,28075,47993
873,516,lego.com,com,27907,47049,lego.com,com,866,512,28094,47490
874,16,t.cn,cn,27906,61190,t.cn,cn,858,16,28251,63079
875,517,csmonitor.com,com,27900,49497,csmonitor.com,com,867,513,28093,49773
876,518,pbs.twimg.com,com,27870,51390,pbs.twimg.com,com,873,516,28039,51723
877,519,axs.com,com,27850,51824,axs.com,com,872,515,28039,52062
878,57,cuny.edu,edu,27793,46182,cuny.edu,edu,881,59,27853,46394
879,520,e.issuu.com,com,27753,46114,e.issuu.com,com,876,518,27956,46424
880,58,georgetown.edu,edu,27743,44375,georgetown.edu,edu,878,57,27880,44684
881,59,brookings.edu,edu,27720,48522,brookings.edu,edu,884,60,27817,48688
882,521,fool.com,com,27719,49833,fool.com,com,882,521,27846,50117
883,522,ey.com,com,27719,42888,ey.com,com,874,517,28030,43308
884,60,gatech.edu,edu,27661,43095,gatech.edu,edu,880,58,27864,43308
885,6,ameblo.jp,jp,27634,74669,ameblo.jp,jp,887,6,27762,75063
886,523,mcafee.com,com,27625,42625,mcafee.com,com,885,522,27793,42848
887,101,nobelprize.org,org,27620,44271,nobelprize.org,org,883,101,27826,44542
888,41,cancer.gov,gov,27600,46906,cancer.gov,gov,893,41,27666,47089
889,524,lww.com,com,27570,45919,lww.com,com,889,525,27723,46102
890,19,windows.net,net,27535,44672,windows.net,net,895,19,27559,44739
891,525,webnode.com,com,27526,50158,webnode.com,com,891,527,27692,50561
892,526,medscape.com,com,27489,47117,medscape.com,com,898,530,27529,47189
893,527,garmin.com,com,27479,46653,garmin.com,com,890,526,27706,47004
894,102,isc.org,org,27472,41334,isc.org,org,892,102,27692,41648
895,7,amazon.fr,fr,27453,53451,amazon.fr,fr,894,7,27571,53871
896,528,gamespot.com,com,27414,49925,gamespot.com,com,900,531,27476,50050
897,529,eastday.com,com,27397,76309,eastday.com,com,886,523,27765,77940
898,530,hatenablog.com,com,27394,53091,hatenablog.com,com,896,528,27557,53362
899,42,dol.gov,gov,27383,48069,dol.gov,gov,916,43,27274,47825
900,531,xbox.com,com,27379,47722,xbox.com,com,879,520,27876,48655
901,532,fedex.com,com,27334,42492,fedex.com,com,904,534,27428,42723
902,43,usembassy.gov,gov,27333,44962,usembassy.gov,gov,909,42,27381,45016
903,533,irishtimes.com,com,27313,48824,irishtimes.com,com,907,537,27417,49024
904,534,americanexpress.com,com,27295,46468,americanexpress.com,com,901,532,27475,46737
905,103,openoffice.org,org,27289,43773,openoffice.org,org,903,104,27431,44037
906,535,nasdaq.com,com,27287,45241,nasdaq.com,com,912,539,27327,45322
907,536,bell-labs.com,com,27285,40950,bell-labs.com,com,897,529,27555,41289
908,537,hootsuite.com,com,27274,50245,hootsuite.com,com,888,524,27745,51117
909,538,athemes.com,com,27271,61477,athemes.com,com,915,541,27276,61568
910,104,us.org,org,27271,48304,us.org,org,899,103,27477,48720
911,539,freepik.com,com,27263,52263,freepik.com,com,911,538,27335,52515
912,540,freewebs.com,com,27256,47280,freewebs.com,com,905,535,27422,47518
913,541,namebright.com,com,27238,70230,namebright.com,com,902,533,27438,71873
914,542,www8.hp.com,com,27218,41064,www8.hp.com,com,914,540,27288,41232
915,105,en.wiktionary.org,org,27199,48139,en.wiktionary.org,org,908,105,27413,48487
916,543,strikingly.com,com,27176,47123,strikingly.com,com,906,536,27419,47621
917,5,tx.us,us,27158,48692,tx.us,us,910,5,27356,48882
918,544,thawte.com,com,27141,41112,thawte.com,com,920,544,27230,41200
919,106,gimp.org,org,27119,44972,gimp.org,org,913,106,27323,45233
920,11,amazon.ca,ca,27089,54295,amazon.ca,ca,917,11,27268,54585
921,545,fiverr.com,com,27071,52505,fiverr.com,com,919,543,27243,52813
922,1,home.blog,blog,27055,49014,home.blog,blog,921,1,27204,49324
923,7,rakuten.co.jp,jp,27035,65576,rakuten.co.jp,jp,923,7,27143,65976
924,546,usps.com,com,27031,46784,usps.com,com,966,565,26472,45963
925,547,lycos.com,com,27021,43613,lycos.com,com,918,542,27267,43958
926,3,coe.int,int,27001,44538,coe.int,int,924,3,27143,44734
927,2,google.com.br,br,26985,54090,google.com.br,br,922,2,27173,54500
928,107,it.wikipedia.org,org,26981,57233,it.wikipedia.org,org,925,107,27088,57512
929,108,sourceware.org,org,26970,40856,sourceware.org,org,926,108,27087,40929
930,548,globenewswire.com,com,26894,45841,globenewswire.com,com,927,545,27052,46123
931,2,blogspot.com.es,es,26881,58517,blogspot.com.es,es,928,2,27029,58840
932,549,boutell.com,com,26852,40661,boutell.com,com,931,547,26953,40756
933,550,lh3.googleusercontent.com,com,26851,51361,lh3.googleusercontent.com,com,932,548,26927,51499
934,26,boutell.co.uk,uk,26822,40606,boutell.co.uk,uk,933,26,26921,40703
935,1,google.nl,nl,26803,61744,google.nl,nl,930,1,26962,62067
936,20,speedtest.net,net,26796,42214,speedtest.net,net,935,20,26871,42284
937,61,colostate.edu,edu,26787,43684,colostate.edu,edu,937,61,26866,43854
938,44,weather.gov,gov,26759,47179,weather.gov,gov,934,44,26893,47378
939,551,redbull.com,com,26746,46164,redbull.com,com,942,553,26782,46353
940,552,miamiherald.com,com,26743,49824,miamiherald.com,com,948,556,26726,49732
941,553,euronews.com,com,26739,47262,euronews.com,com,936,549,26866,47444
942,554,shutterfly.com,com,26738,48241,shutterfly.com,com,940,552,26810,48468
943,555,hubpages.com,com,26661,48832,hubpages.com,com,939,551,26839,49077
944,62,unl.edu,edu,26659,43097,unl.edu,edu,941,62,26796,43301
945,556,msnbc.com,com,26622,46645,msnbc.com,com,944,554,26764,46835
946,8,blogspot.fr,fr,26597,51749,blogspot.fr,fr,950,8,26717,52037
947,63,uiowa.edu,edu,26575,42433,uiowa.edu,edu,943,63,26779,42725
948,8,biglobe.ne.jp,jp,26555,55025,biglobe.ne.jp,jp,945,8,26763,55426
949,557,cell.com,com,26555,43655,cell.com,com,952,557,26584,43661
950,558,blackberry.com,com,26550,44555,blackberry.com,com,946,555,26757,44852
951,12,canada.ca,ca,26529,48388,canada.ca,ca,958,13,26532,48290
952,559,alicdn.com,com,26506,56789,alicdn.com,com,938,550,26854,57611
953,560,trendmicro.com,com,26497,41775,trendmicro.com,com,959,562,26531,41871
954,13,mcgill.ca,ca,26492,41653,mcgill.ca,ca,951,12,26690,41965
955,561,translate.googleusercontent.com,com,26486,49659,translate.googleusercontent.com,com,955,559,26546,49658
956,562,amd.com,com,26469,41280,amd.com,com,953,558,26579,41513
957,1,google.com.hk,hk,26467,50069,google.com.hk,hk,949,1,26725,50401
958,17,news.cn,cn,26457,74651,news.cn,cn,947,17,26751,76037
959,563,iheart.com,com,26453,50541,iheart.com,com,957,561,26539,50784
960,12,welt.de,de,26426,56426,welt.de,de,954,12,26564,56598
961,564,ndtv.com,com,26413,50045,ndtv.com,com,962,564,26487,50213
962,565,stripe.com,com,26401,47915,stripe.com,com,960,563,26505,48205
963,2,yp.to,to,26379,40020,yp.to,to,965,2,26476,40069
964,566,findlaw.com,com,26362,47766,findlaw.com,com,969,567,26413,47779
965,567,bilibili.com,com,26330,52451,bilibili.com,com,967,566,26437,52700
966,109,videolan.org,org,26323,42944,videolan.org,org,964,109,26477,43235
967,6,ca.us,us,26315,45685,ca.us,us,961,6,26503,45909
968,64,uga.edu,edu,26313,42690,uga.edu,edu,963,64,26483,42967
969,3,vine.co,co,26291,46604,vine.co,co,970,3,26407,46791
970,65,oregonstate.edu,edu,26256,43982,oregonstate.edu,edu,968,65,26425,44213
971,27,eventbrite.co.uk,uk,26253,52512,eventbrite.co.uk,uk,972,27,26388,52791
972,110,undp.org,org,26245,41500,undp.org,org,971,110,26399,41664
973,1,vatican.va,va,26241,45875,vatican.va,va,978,1,26282,45862
974,111,squid-cache.org,org,26234,39786,squid-cache.org,org,974,111,26355,39890
975,568,softpedia.com,com,26191,43994,softpedia.com,com,973,568,26363,44304
976,569,pinimg.com,com,26171,49075,pinimg.com,com,976,570,26311,49466
977,570,zhihu.com,com,26154,53920,zhihu.com,com,975,569,26333,54498
978,571,mdpi.com,com,26137,41743,mdpi.com,com,980,572,26271,41970
979,572,reverbnation.com,com,26118,49674,reverbnation.com,com,977,571,26290,49941
980,573,accenture.com,com,26117,40164,accenture.com,com,981,573,26270,40414
981,574,tianqi.com,com,26098,86101,tianqi.com,com,956,560,26543,87472
982,7,google.ru,ru,26095,51690,google.ru,ru,984,7,26199,51938
983,575,jotform.com,com,26087,46091,jotform.com,com,988,577,26086,46089
984,3,iso.ch,ch,26047,38978,iso.ch,ch,985,3,26193,39113
985,576,xkcd.com,com,26042,44170,xkcd.com,com,983,575,26207,44430
986,577,codeplex.com,com,26032,37963,codeplex.com,com,982,574,26232,38240
987,578,startribune.com,com,25986,47368,startribune.com,com,989,578,26083,47556
988,28,timesonline.co.uk,uk,25975,43232,timesonline.co.uk,uk,986,28,26135,43449
989,579,smashballoon.com,com,25944,57962,smashballoon.com,com,990,579,26043,58301
990,18,zol.com.cn,cn,25930,57419,zol.com.cn,cn,979,18,26274,58684
991,580,microsoftonline.com,com,25921,36245,microsoftonline.com,com,987,576,26093,36436
992,581,campaign-archive1.com,com,25919,42955,campaign-archive1.com,com,991,580,26038,43188
993,2,uu.nl,nl,25896,48064,uu.nl,nl,992,2,26028,48502
994,582,jetpack.wordpress.com,com,25873,66555,jetpack.wordpress.com,com,997,584,25918,66721
995,45,fema.gov,gov,25855,44959,fema.gov,gov,1004,45,25873,44950
996,66,gwu.edu,edu,25849,41640,gwu.edu,edu,994,66,25977,41868
997,583,searchengineland.com,com,25840,46375,searchengineland.com,com,998,585,25900,46576
998,584,kaspersky.com,com,25834,41064,kaspersky.com,com,995,582,25963,41226
999,585,thomsonreuters.com,com,25833,40146,thomsonreuters.com,com,996,583,25947,40255
1000,112,ntp.org,org,25803,39143,ntp.org,org,1001,113,25894,39226
